-- ----------------------------
-- 讲座发布表：发布讲座时的详细信息
-- ----------------------------
INSERT INTO
    `lecture` (id, title, type_id, description_id, organizer, undertaker, sponsor, space, speaker, reservation, poster, order_start_time, order_end_time, lecture_start_time)
VALUES
       (1, 'PUA的艺术', 1, 1, '东南大学学生会', '东南大学学生会', '东南大学自动化学院', '四牌楼大礼堂', '小张', 500, 'null', '2022-4-15 19:00:00', '2022-5-13 19:00:00', '2022-6-13 19:00:00'),
       (2, '中国的建设和中国自信', 3, 2, '东南大学学生会', '东南大学学生会', '东南大学自动化学院', '四牌楼大礼堂', 'xxx', 500, 'null', '2022-4-15 19:00:00', '2022-5-13 19:00:00', '2022-6-13 19:00:00'),
       (3, '戏曲百戏盛典', 4, 3, '共青团东南大学委员会', '东南大学学生会', '', '四牌楼大礼堂', 'xxx', 400, 'null', '2022-4-15 19:00:00', '2022-5-13 19:00:00', '2022-6-13 19:00:00'),
       (4, '公共卫生治理', 1, 4, '东南大学学生会', '东南大学学生会', '', '四牌楼大礼堂', 'xxx2', 400, 'null', '2022-10-15 19:00:00', '2022-5-13 19:00:00', '2022-6-13 19:00:00'),
       (5, '控制情绪成就人生', 5, 5, '东南大学学生会', '东南大学学生会', '', '四牌楼大礼堂', 'xxx3', 400, 'null', '2022-4-15 19:00:00', '2022-5-13 19:00:00', '2022-6-13 19:00:00'),
       (6, '这是你熟悉的汉语吗', 3, 6, '东南大学学生会', '东南大学学生会', '', '中山院', 'xxx4', 400, 'null', '2022-4-15 19:00:00', '2022-5-13 19:00:00', '2022-6-13 19:00:00'),
       (7, '零售商业模式', 1, 7, '东南大学学生会', '东南大学学生会', '', '四牌楼大礼堂', 'xxx5', 400, 'null', '2022-4-15 19:00:00', '2022-5-13 19:00:00', '2022-6-13 19:00:00'),
       (8, '当代艺术与当代设计', 4, 8, '东南大学学生会', '东南大学学生会', '', '四牌楼大礼堂', 'xxx6', 400, 'null', '2022-4-15 19:00:00', '2022-5-13 19:00:00', '2022-6-13 19:00:00'),
       (9, '数智时代基本权利的演变与保护', 2, 9, '东南大学学生会', '东南大学学生会', '', '四牌楼大礼堂', 'xxx7', 400, 'null', '2022-4-15 19:00:00', '2022-5-13 19:00:00', '2022-6-13 19:00:00'),
       (10, '国际隐秘斗争形势和特点', 3, 10, '东南大学学生会', '东南大学学生会', '', '线上', 'xxx8', 400, 'null', '2022-4-15 19:00:00', '2022-5-13 19:00:00', '2022-6-13 19:00:00');


-- ----------------------------
-- 讲座预约表：用于讲座预约
-- ----------------------------
INSERT INTO
    `lecture_order` (id, lecture_id, title, store, order_start_time, order_end_time)
VALUES
    (1, 1, 'PUA的艺术', 500, '2022-4-15 19:00:00', '2022-5-13 19:00:00'),
    (2, 2, '中国的建设和中国自信', 500, '2022-4-15 19:00:00', '2022-5-13 19:00:00'),
    (3, 3, '戏曲百戏盛典', 400, '2022-4-15 19:00:00', '2022-5-13 19:00:00'),
    (4, 4, '公共卫生治理', 400, '2022-4-15 19:00:00', '2022-5-13 19:00:00'),
    (5, 5, '控制情绪成就人生', 400, '2022-4-15 19:00:00', '2022-5-13 19:00:00'),
    (6, 6, '这是你熟悉的汉语吗', 400, '2022-4-15 19:00:00', '2022-5-13 19:00:00'),
    (7, 7, '零售商业模式', 400, '2022-4-15 19:00:00', '2022-5-13 19:00:00'),
    (8, 8, '当代艺术与当代设计', 400, '2022-4-15 19:00:00', '2022-5-13 19:00:00'),
    (9, 9, '数智时代基本权利的演变与保护', 400, '2022-4-15 19:00:00', '2022-5-13 19:00:00'),
    (10, 10, '国际隐秘斗争形势和特点', 400, '2022-4-15 19:00:00', '2022-5-13 19:00:00');

-- ----------------------------
-- 讲座数据分析表：用于记录讲座的相关数据
-- ----------------------------
INSERT INTO
    `lecture_data_analysis` (id, lecture_id, attendance, non_attendance, count_late, lecture_real_start_time, lecture_real_end_time)
VALUES
    (1, 1, 0, 0, 0, '2022-6-13 19:00:00', '2022-6-13 19:00:00'),
    (2, 2, 0, 0, 0, '2022-6-13 19:00:00', '2022-6-13 19:00:00'),
    (3, 3, 0, 0, 0, '2022-6-13 19:00:00', '2022-6-13 19:00:00'),
    (4, 4, 0, 0, 0, '2022-6-13 19:00:00', '2022-6-13 19:00:00'),
    (5, 5, 0, 0, 0, '2022-6-13 19:00:00', '2022-6-13 19:00:00'),
    (6, 6, 0, 0, 0, '2022-6-13 19:00:00', '2022-6-13 19:00:00'),
    (7, 7, 0, 0, 0, '2022-6-13 19:00:00', '2022-6-13 19:00:00'),
    (8, 8, 0, 0, 0, '2022-6-13 19:00:00', '2022-6-13 19:00:00'),
    (9, 9, 0, 0, 0, '2022-6-13 19:00:00', '2022-6-13 19:00:00'),
    (10, 10, 0, 0, 0, '2022-6-13 19:00:00', '2022-6-13 19:00:00');

-- ----------------------------
-- 讲座描述表：用于描述讲座详细信息
-- ----------------------------
INSERT INTO
    `lecture_description` (id, description)
VALUES
    (1, '这是第1场讲座的讲座描述信息！'),
    (2, '这是第2场讲座的讲座描述信息！'),
    (3, '这是第3场讲座的讲座描述信息！'),
    (4, '这是第4场讲座的讲座描述信息！'),
    (5, '这是第5场讲座的讲座描述信息！'),
    (6, '这是第6场讲座的讲座描述信息！'),
    (7, '这是第7场讲座的讲座描述信息！'),
    (8, '这是第8场讲座的讲座描述信息！'),
    (9, '这是第9场讲座的讲座描述信息！'),
    (10, '这是第10场讲座的讲座描述信息！');

-- ----------------------------
-- 讲座类型表
-- ----------------------------
INSERT INTO
    `lecture_type` (id, name)
VALUES
    (1, '其他'),
    (2, '法律'),
    (3, '人文'),
    (4, '艺术'),
    (5, '心理'),
    (6, '政治'),
    (7, '哲学');

-- ----------------------------
-- 讲座预约记录表：用于记录用户预约讲座的记录
-- ----------------------------


-- ----------------------------
-- 讲座签到码表
-- ----------------------------
